<beans xmlns="http://www.springframework.org/schema/beans"
       xmlns:xsi="http://www.w3.org/2001/XMLSchema-instance"
       xmlns:jdbc="http://www.springframework.org/schema/jdbc"
       xmlns:tx="http://www.springframework.org/schema/tx"
       xmlns:context="http://www.springframework.org/schema/context"
       xmlns:mvc="http://www.springframework.org/schema/mvc"
       xsi:schemaLocation="http://www.springframework.org/schema/beans
              http://www.springframework.org/schema/beans/spring-beans.xsd 
              http://www.springframework.org/schema/jdbc 
              http://www.springframework.org/schema/jdbc/spring-jdbc.xsd
              http://www.springframework.org/schema/tx 
              http://www.springframework.org/schema/tx/spring-tx.xsd
              http://www.springframework.org/schema/context
              http://www.springframework.org/schema/context/spring-context.xsd
              http://www.springframework.org/schema/mvc
              http://www.springframework.org/schema/mvc/spring-mvc.xsd">
    <context:property-placeholder location="classpath:applicationConfig.properties"/>
    <context:component-scan base-package="com.basic"/>
    <context:annotation-config/>
    <context:spring-configured/>
    <mvc:annotation-driven/>
    <mvc:resources mapping="/resources/**" location="/resources/"/>
    <bean id="dataSource" class="com.basic.dao.CustomDriverManagerDataSoruce">
        <property name="driverClassName" value="${jdbc.driverClassName}"/>
        <property name="url" value="${jdbc.url}"/>
        <property name="username" value="${jdbc.username}"/>
        <property name="password" value="${jdbc.password}"/>
    </bean>
    <bean id="sessionFactory" class="org.springframework.orm.hibernate4.LocalSessionFactoryBean">
        <property name="dataSource" ref="dataSource"></property>
        <property name="packagesToScan" value="com.basic.model"/>
        <property name="hibernateProperties">
            <props>
                <prop key="hibernate.dialect">${hibernate.dialect}</prop>
                <prop key="hibernate.c3p0.min_size">${hibernate.minpool}</prop>
                <prop key="hibernate.c3p0.max_size">${hibernate.maxpool}</prop>
                <prop key="hibernate.jdbc.batch_size">${hibernate.maxpool}</prop>
                <prop key="hibernate.show_sql">${hibernate.show_sql}</prop>
                <prop key="hibernate.format_sql">${hibernate.format_sql}</prop>           
            </props>
        </property>
    </bean>
    <!-- Enable the configuration of transactional behavior based on annotations -->
    <tx:annotation-driven transaction-manager="transactionManager"/>
    <!-- Transaction Manager is defined -->
    <bean id="transactionManager" class="org.springframework.orm.hibernate4.HibernateTransactionManager">
        <property name="sessionFactory" ref="sessionFactory"/>
    </bean> 
    <bean id="jspViewResolver"
          class="org.springframework.web.servlet.view.InternalResourceViewResolver">
        <property name="viewClass" value="org.springframework.web.servlet.view.JstlView"/>
        <property name="prefix" value="/WEB-INF/views/"/>
        <property name="suffix" value=".jsp"/>
    </bean>
  <bean id="tilesConfigurer"
		class="org.springframework.web.servlet.view.tiles3.TilesConfigurer">
		<property name="definitions">
			<list>
				<value>/WEB-INF/tiles-definitions.xml</value>
			</list>
		</property>
	</bean>
      <bean id="multipartResolver" class="org.springframework.web.multipart.commons.CommonsMultipartResolver">
    	<property name="maxUploadSize" value="268435456"/> <!-- 256 megs -->
     </bean>
        
</beans>



