<?xml version="1.0" encoding="UTF-8" ?>

<!DOCTYPE tiles-definitions PUBLIC
       "-//Apache Software Foundation//DTD Tiles Configuration 3.0//EN"
       "http://tiles.apache.org/dtds/tiles-config_3_0.dtd">

<tiles-definitions>


	<definition name="base.definition" template="/WEB-INF/views/common/layout.jsp">

		<put-attribute name="header" value="/WEB-INF/views/common/header.jsp"></put-attribute>
		<!-- <put-attribute name="leftbar" value="/WEB-INF/views/common/leftbar.jsp"></put-attribute> -->
		<!-- <put-attribute name="buttons" value="/WEB-INF/views/common/button.jsp"></put-attribute> -->
		<put-attribute name="footer" value="/WEB-INF/views/common/footer.jsp"></put-attribute>
	</definition>


</tiles-definitions>
